{"cameraMode":{"drawMode":0,"name":"Shaded","section":"Shading Mode"},"sceneLighting":false,"audioPlay":false,"sceneViewState":{"m_AlwaysRefresh":false,"showFog":false,"showSkybox":false,"showFlares":false,"showImageEffects":false,"showParticleSystems":false,"showVisualEffectGraphs":true,"m_FxEnabled":true},"in2DMode":false,"pivot":{"x":0.05386233329772949,"y":0.6838797330856323,"z":-0.03173099458217621},"rotation":{"x":0.3338318169116974,"y":-0.1846851110458374,"z":0.06687365472316742,"w":0.9219438433647156},"size":1.0119420289993287,"orthographic":false}